<?xml version="1.0" encoding="UTF-8"?>
<!--
Click nbfs://nbhost/SystemFileSystem/Templates/Licenses/license-default.txt to change this license
Click nbfs://nbhost/SystemFileSystem/Templates/XML/XMLDocument.xml to edit this template
-->



<!--
  ~ Hibernate, Relational Persistence for Idiomatic Java
  ~
  ~ License: GNU Lesser General Public License (LGPL), version 2.1 or later.
  ~ See the lgpl.txt file in the root directory or <http://www.gnu.org/licenses/lgpl-2.1.html>.
  -->
<!DOCTYPE hibernate-configuration PUBLIC
	"-//Hibernate/Hibernate Configuration DTD 3.0//EN"
	"http://www.hibernate.org/dtd/hibernate-configuration-3.0.dtd">

<hibernate-configuration>
	<session-factory>
	
   		<property name="connection.url">jdbc:postgresql://localhost/DPE</property> <!-- BD Mane -->
   		<property name="connection.driver_class">org.postgresql.Driver</property> <!-- DB Driver -->
   		<property name="connection.username">postgres</property> <!-- DB User -->
   		<property name="connection.password">123</property> <!-- DB Password -->
   		
   		<property name="dialect">org.hibernate.dialect.PostgreSQLDialect</property> <!-- DB Dialect -->
                <property name="hibernate.connection.pool_size">1</property>
   		<property name="hbm2ddl.auto">update</property> <!-- create / create-drop / update -->
		
		<property name="show_sql">true</property> <!-- Show SQL in console -->
		<property name="format_sql">true</property> <!-- Show SQL formatted -->
		
		<mapping class="com.DPE.edu.entity.Usuario"/>
		
	</session-factory>
</hibernate-configuration>